panel,policy_leaves,mean_ms,p95_ms,n
attr_gateway_partial,5,1.1162318998685805,1.2947909999638796,30
attr_gateway_partial,10,1.1253957334702136,1.3073750014882535,30
attr_gateway_partial,20,1.1147610333864577,1.267625000764383,30
attr_gateway_partial,40,1.190351400146028,1.2147910019848496,30
attr_gateway_partial,80,1.152040233500884,1.317916001426056,30
attr_gateway_partial,160,1.1162069331476232,1.1926670013053808,30
attr_user_final,5,0.30799989945080597,0.33616599830565974,30
attr_user_final,10,0.3107168003528689,0.3505419990688097,30
attr_user_final,20,0.3174624995153863,0.396707997424528,30
attr_user_final,40,0.3131362000810138,0.324333999742521,30
attr_user_final,80,0.31985420027922373,0.39024999932735227,30
attr_user_final,160,0.3117028335206366,0.34450000021024607,30
attr_outsourced_encryption,5,3.5311013661460797,3.661499998997897,30
attr_outsourced_encryption,10,5.913995800195456,6.079834001866402,30
attr_outsourced_encryption,20,10.676737533382644,10.93083300293074,30
attr_outsourced_encryption,40,20.248499933465308,21.219375001237495,30
attr_outsourced_encryption,80,39.44091663349051,44.182417001138674,30
attr_outsourced_encryption,160,76.68621383345453,77.31195800079149,30
attr_outsourced_decryption,5,2.1945848001147774,2.3661669983994216,30
attr_outsourced_decryption,10,3.754319500148995,3.92199999987497,30
attr_outsourced_decryption,20,6.841384666889401,7.0577079968643375,30
attr_outsourced_decryption,40,13.14467926689152,13.52499999848078,30
attr_outsourced_decryption,80,25.76321809986742,28.743291997670894,30
attr_outsourced_decryption,160,49.62863333360777,50.30395799985854,30
