scheme,policy_size,protect_mean_ms,recover_mean_ms,protect_p95_ms,recover_p95_ms,N
HieraStream,5,8.96829441108922,4.15175233259409,9.381083000334911,4.3302909907652065,90
HieraStream,10,12.974865243530884,6.483543110597465,17.1858340036124,8.977250006864779,90
HieraStream,20,19.914601399796084,11.25748003347932,22.941125003853813,14.665541995782405,90
HieraStream,40,33.62096483437603,20.98275873447872,34.6563339990098,21.74399999785237,90
HieraStream,80,66.75156432223352,49.26723652315559,69.50483299442567,50.04916600591969,90
HieraStream,160,152.24177683331718,138.2042175661708,161.17408400168642,146.0949579923181,90
CP-ABE,5,5.837287955445289,2.7019000432725684,6.093999996664934,2.8150409925729036,90
CP-ABE,10,9.689698144858186,5.308943078529814,11.299417004920542,6.850167002994567,90
CP-ABE,20,16.304074064990143,9.339549999114952,17.991500004427508,12.151625007390976,90
CP-ABE,40,30.438528733631955,19.458325076912942,31.43462499429006,19.837665997329168,90
CP-ABE,80,65.34280921025332,49.059599033919056,71.44979100849014,53.85691700212192,90
CP-ABE,160,146.57069630015434,134.89953287838338,150.00687498832121,139.48174999677576,90
PASH,5,18.17744350005847,5.942031021792597,18.749832990579307,6.144541999674402,90
PASH,10,35.86632084415113,12.352619887840572,40.316665996215306,13.726165983825922,90
PASH,20,68.87139076748603,24.154349155368333,73.16637500480283,24.9035000015283,90
PASH,40,138.36552315527416,52.1865587882025,141.09583300887607,52.946750991395675,90
PASH,80,281.0675036006918,124.96845508754227,288.5043330024928,127.85120899206959,90
PASH,160,598.5999999999999,337.20454031200563,651.8260438177758,362.34629098908044,90
MASS,5,5.893496778218024,2.7575514101449192,6.266584008699283,3.048208003747277,90
MASS,10,9.274950922473282,4.743264333066892,9.857583994744346,4.925291010295041,90
MASS,20,16.090606433216532,9.163269866257906,16.86666699242778,9.987750003347173,90
MASS,40,30.714173657179344,19.550377366087762,32.08400000585243,20.41254199866671,90
MASS,80,63.89646114322304,48.015638877404854,66.24904200725723,48.51770799723454,90
MASS,160,149.19410454474726,136.23073146607365,162.0313330058707,147.8772919945186,90
