operation,asset,offered_tps,valid_committed_tps,mean_latency_ms,p95_latency_ms,transaction_failure_rate,limiting_factor,bound_hit_any
resource_management,fabric_resource_management,1.0,1.0222,663.996,1020.905,0.0,NOT_SATURATED,False
resource_management,fabric_resource_management,64.0,63.3333,409.512,760.606,0.0,NOT_SATURATED,False
resource_management,fabric_resource_management,256.0,256.6667,115.06700000000001,202.179,0.0,NOT_SATURATED,False
resource_management,fabric_resource_management,1536.0,1535.5556,36.408,52.408,0.0,NOT_SATURATED,False
resource_management,fabric_resource_management,1792.0,1791.6667,38.392,55.263,0.0,NOT_SATURATED,False
resource_management,fabric_resource_management,2560.0,2059.2778,192.129,271.53,0.169572,FABRIC_BOUND,False
policy_management,fabric_policy_management,1.0,0.9889,708.6940000000001,1023.4799999999999,0.0,NOT_SATURATED,False
policy_management,fabric_policy_management,64.0,63.3333,408.904,759.8979999999999,0.0,NOT_SATURATED,False
policy_management,fabric_policy_management,256.0,256.6667,114.95400000000001,201.967,0.0,NOT_SATURATED,False
policy_management,fabric_policy_management,1536.0,1535.0,36.995,54.355000000000004,0.0,NOT_SATURATED,False
policy_management,fabric_policy_management,1792.0,1791.6667,37.614000000000004,55.227,0.0,NOT_SATURATED,False
policy_management,fabric_policy_management,2560.0,1815.6333,196.419,312.095,0.266354,FABRIC_BOUND,False
CommitSegment,fabric_commit_segment,1.0,1.0222,743.773,1027.502,0.0,NOT_SATURATED,False
CommitSegment,fabric_commit_segment,64.0,63.3333,408.926,759.754,0.0,NOT_SATURATED,False
CommitSegment,fabric_commit_segment,256.0,256.6667,116.152,203.078,0.0,NOT_SATURATED,False
CommitSegment,fabric_commit_segment,1536.0,1536.1111,38.157000000000004,56.986000000000004,0.0,NOT_SATURATED,False
CommitSegment,fabric_commit_segment,1792.0,1791.1111,41.073,64.235,0.0,NOT_SATURATED,False
CommitSegment,fabric_commit_segment,2560.0,1483.6556,204.367,382.666,0.39609,FABRIC_BOUND,False
UpdateAuthorization,fabric_update_authorization,1.0,0.9778,754.243,1024.661,0.0,NOT_SATURATED,False
UpdateAuthorization,fabric_update_authorization,64.0,63.3333,409.30100000000004,759.857,0.0,NOT_SATURATED,False
UpdateAuthorization,fabric_update_authorization,256.0,256.6667,115.731,202.776,0.0,NOT_SATURATED,False
UpdateAuthorization,fabric_update_authorization,1536.0,1536.2667,40.891,62.154,0.0,NOT_SATURATED,False
UpdateAuthorization,fabric_update_authorization,1792.0,1792.2222,41.992000000000004,67.53099999999999,0.0,NOT_SATURATED,False
UpdateAuthorization,fabric_update_authorization,2560.0,1872.0556,1041.024,1300.577,0.042615,CLIENT_BOUND,True
