scheme,historical_segments,revocation_latency_ms,historical_ciphertexts_modified,bytes_communicated
HieraStream,10,1.6528749983990565,0,0
HieraStream,50,1.686333998804912,0,0
HieraStream,100,1.7147500002465677,0,0
HieraStream,250,1.6635419997328427,0,0
HieraStream,500,1.6637079970678315,0,0
HieraStream,1000,1.6724170018278528,0,0
Historical-update,10,6.549874997290317,10,20660
Historical-update,50,27.03562500028056,50,103300
Historical-update,100,53.091374997165985,100,206600
Historical-update,250,130.52195899945218,250,516500
Historical-update,500,257.0405840015155,500,1033000
Historical-update,1000,503.47450000117533,1000,2066000
