panel,x,mean_ms,p95_ms,n,fixed_setting
role_target_scaling,1,10.11630426667883,10.415542001283029,30,fixed_path=20
role_target_scaling,2,19.975077666458674,20.34050000293064,30,fixed_path=20
role_target_scaling,4,38.072638966332306,39.50708399861469,30,fixed_path=20
role_target_scaling,8,68.41464716623402,69.85058300051605,30,fixed_path=20
role_target_scaling,16,106.3027471331831,107.46991699852515,30,fixed_path=20
role_path_scaling,5,9.244736166995912,9.420750000572298,30,fixed_targets=4
role_path_scaling,10,18.713152799682575,19.431082997471094,30,fixed_targets=4
role_path_scaling,20,37.85927906683355,38.4829169997829,30,fixed_targets=4
role_path_scaling,40,76.60689993329773,77.34774999698857,30,fixed_targets=4
