scheme,payload_bytes,total_serialized_bytes,encrypted_payload_bytes,crypto_metadata_bytes,other_serialized_metadata_bytes,expansion_ratio,e2e_mean_ms,e2e_p95_ms,e2e_n,sustained_throughput_1600
HieraStream,256,1945,256,1353,336,7.59765625,,,,
HieraStream,1024,2713,1024,1353,336,2.6494140625,,,,
HieraStream,4096,5785,4096,1353,336,1.412353515625,0.18671351455850527,0.2173340180888772,200,1567.3866395560055
HieraStream,16384,18073,16384,1353,336,1.10308837890625,,,,
Droplet,256,459,288,99,72,1.79296875,,,,
Droplet,1024,1227,1056,99,72,1.1982421875,,,,
Droplet,4096,4299,4128,99,72,1.049560546875,0.42811496852664277,0.4936669720336795,200,1597.2569300564187
Droplet,16384,16589,16418,99,72,1.01251220703125,,,,
TimeCrypt,256,1834,1714,52,68,7.1640625,,,,
TimeCrypt,1024,6153,6034,52,67,6.0087890625,,,,
TimeCrypt,4096,23436,23314,52,70,5.7216796875,3.2227733547915705,4.807042016182095,200,777.711841474147
TimeCrypt,16384,92558,92434,52,72,5.6492919921875,,,,
