experiment,dataset,segment_size_policy,segment_target_records,segment_target_bytes,replay_rate_eps,throughput_seg_s,throughput_eps,e2e_latency_s_mean,metadata_overhead,segments,payload_bytes,metadata_bytes,wall_s,max_events_requested,accepted_events,dataset_kind,dataset_synthetic,subjects_represented,paper_description_patients,smoke_records_in_manifest,dataset_source,dataset_records_staged,dataset_integrity_check,claim_boundary,deployment_class,ipfs_backend,crypto_backend,phase,seg_index,e2e_latency_s
E9,uci_heart_failure,records_1,1,,50.0,46.296539126605396,46.296539126605396,0.018990537893063278,43.269075594563986,299,28256,1222611,6.458366124999884,299,299,static_ehr,False,,,,uci_download,299,PASS,"system_compatibility_generalization_only — not clinical validation, epidemiology, or predictive-model evaluation",single-host_local,kubo,pbc,,,
E9,uci_heart_failure,,,,,,,,,,,,,,,,,,,,,,,,,,,per_segment,0,0.017749459002516232
E9,uci_heart_failure,,,,,,,,,,,,,,,,,,,,,,,,,,,per_segment,1,0.023385082997265272
E9,uci_heart_failure,,,,,,,,,,,,,,,,,,,,,,,,,,,per_segment,2,0.02156379199732328
E9,uci_heart_failure,,,,,,,,,,,,,,,,,,,,,,,,,,,per_segment,3,0.02685462500085123
E9,uci_heart_failure,,,,,,,,,,,,,,,,,,,,,,,,,,,per_segment,4,0.021231250000710133
E9,uci_heart_failure,,,,,,,,,,,,,,,,,,,,,,,,,,,per_segment,5,0.03177950000099372
E9,uci_heart_failure,,,,,,,,,,,,,,,,,,,,,,,,,,,per_segment,6,0.03668420900066849
E9,uci_heart_failure,,,,,,,,,,,,,,,,,,,,,,,,,,,per_segment,7,0.03404341699933866
E9,uci_heart_failure,,,,,,,,,,,,,,,,,,,,,,,,,,,per_segment,8,0.030827791000774596
E9,uci_heart_failure,,,,,,,,,,,,,,,,,,,,,,,,,,,per_segment,9,0.026043333004054148
E9,uci_heart_failure,,,,,,,,,,,,,,,,,,,,,,,,,,,per_segment,10,0.024088999998639338
E9,uci_heart_failure,,,,,,,,,,,,,,,,,,,,,,,,,,,per_segment,11,0.026691582999774255
E9,uci_heart_failure,,,,,,,,,,,,,,,,,,,,,,,,,,,per_segment,12,0.020967291995475534
E9,uci_heart_failure,,,,,,,,,,,,,,,,,,,,,,,,,,,per_segment,13,0.020439874999283347
E9,uci_heart_failure,,,,,,,,,,,,,,,,,,,,,,,,,,,per_segment,14,0.022249249996093567
E9,uci_heart_failure,,,,,,,,,,,,,,,,,,,,,,,,,,,per_segment,15,0.0216489169979468
E9,uci_heart_failure,,,,,,,,,,,,,,,,,,,,,,,,,,,per_segment,16,0.020029958999657538
E9,uci_heart_failure,,,,,,,,,,,,,,,,,,,,,,,,,,,per_segment,17,0.021450749998621177
E9,uci_heart_failure,,,,,,,,,,,,,,,,,,,,,,,,,,,per_segment,18,0.02545191700482974
E9,uci_heart_failure,,,,,,,,,,,,,,,,,,,,,,,,,,,per_segment,19,0.028321167003014125
E9,uci_heart_failure,,,,,,,,,,,,,,,,,,,,,,,,,,,per_segment,20,0.026255167002091184
E9,uci_heart_failure,,,,,,,,,,,,,,,,,,,,,,,,,,,per_segment,21,0.022987249998550396
E9,uci_heart_failure,,,,,,,,,,,,,,,,,,,,,,,,,,,per_segment,22,0.020843250000325497
E9,uci_heart_failure,,,,,,,,,,,,,,,,,,,,,,,,,,,per_segment,23,0.02084212499903515
E9,uci_heart_failure,,,,,,,,,,,,,,,,,,,,,,,,,,,per_segment,24,0.022279500000877306
E9,uci_heart_failure,,,,,,,,,,,,,,,,,,,,,,,,,,,per_segment,25,0.02776208300201688
E9,uci_heart_failure,,,,,,,,,,,,,,,,,,,,,,,,,,,per_segment,26,0.03300587500416441
E9,uci_heart_failure,,,,,,,,,,,,,,,,,,,,,,,,,,,per_segment,27,0.022212750001926906
E9,uci_heart_failure,,,,,,,,,,,,,,,,,,,,,,,,,,,per_segment,28,0.029538000002503395
E9,uci_heart_failure,,,,,,,,,,,,,,,,,,,,,,,,,,,per_segment,29,0.026667583006201312
E9,uci_heart_failure,,,,,,,,,,,,,,,,,,,,,,,,,,,per_segment,30,0.026610000000800937
E9,uci_heart_failure,,,,,,,,,,,,,,,,,,,,,,,,,,,per_segment,31,0.025660291001258884
E9,uci_heart_failure,,,,,,,,,,,,,,,,,,,,,,,,,,,per_segment,32,0.024808458001643885
E9,uci_heart_failure,,,,,,,,,,,,,,,,,,,,,,,,,,,per_segment,33,0.025356416001159232
E9,uci_heart_failure,,,,,,,,,,,,,,,,,,,,,,,,,,,per_segment,34,0.02545937499962747
E9,uci_heart_failure,,,,,,,,,,,,,,,,,,,,,,,,,,,per_segment,35,0.022935542001505382
E9,uci_heart_failure,,,,,,,,,,,,,,,,,,,,,,,,,,,per_segment,36,0.026106082994374447
E9,uci_heart_failure,,,,,,,,,,,,,,,,,,,,,,,,,,,per_segment,37,0.025263625000661705
E9,uci_heart_failure,,,,,,,,,,,,,,,,,,,,,,,,,,,per_segment,38,0.02523433300666511
E9,uci_heart_failure,,,,,,,,,,,,,,,,,,,,,,,,,,,per_segment,39,0.03427025000564754
E9,uci_heart_failure,,,,,,,,,,,,,,,,,,,,,,,,,,,per_segment,40,0.02244741699541919
E9,uci_heart_failure,,,,,,,,,,,,,,,,,,,,,,,,,,,per_segment,41,0.017367082997225225
E9,uci_heart_failure,,,,,,,,,,,,,,,,,,,,,,,,,,,per_segment,42,0.025427665997995064
E9,uci_heart_failure,,,,,,,,,,,,,,,,,,,,,,,,,,,per_segment,43,0.027364875000785105
E9,uci_heart_failure,,,,,,,,,,,,,,,,,,,,,,,,,,,per_segment,44,0.023673541996686254
E9,uci_heart_failure,,,,,,,,,,,,,,,,,,,,,,,,,,,per_segment,45,0.03364566599339014
E9,uci_heart_failure,,,,,,,,,,,,,,,,,,,,,,,,,,,per_segment,46,0.023230540995427873
E9,uci_heart_failure,,,,,,,,,,,,,,,,,,,,,,,,,,,per_segment,47,0.0245305409989669
E9,uci_heart_failure,,,,,,,,,,,,,,,,,,,,,,,,,,,per_segment,48,0.025860834000923205
E9,uci_heart_failure,,,,,,,,,,,,,,,,,,,,,,,,,,,per_segment,49,0.022762916996725835
E9,uci_heart_failure,,,,,,,,,,,,,,,,,,,,,,,,,,,per_segment,50,0.027512749999004882
E9,uci_heart_failure,,,,,,,,,,,,,,,,,,,,,,,,,,,per_segment,51,0.024219582999648992
E9,uci_heart_failure,,,,,,,,,,,,,,,,,,,,,,,,,,,per_segment,52,0.026258792000589892
E9,uci_heart_failure,,,,,,,,,,,,,,,,,,,,,,,,,,,per_segment,53,0.024791667005047202
E9,uci_heart_failure,,,,,,,,,,,,,,,,,,,,,,,,,,,per_segment,54,0.022968459001276642
E9,uci_heart_failure,,,,,,,,,,,,,,,,,,,,,,,,,,,per_segment,55,0.051051707996521145
E9,uci_heart_failure,,,,,,,,,,,,,,,,,,,,,,,,,,,per_segment,56,0.02265745899785543
E9,uci_heart_failure,,,,,,,,,,,,,,,,,,,,,,,,,,,per_segment,57,0.024179000000003725
E9,uci_heart_failure,,,,,,,,,,,,,,,,,,,,,,,,,,,per_segment,58,0.01915612499578856
E9,uci_heart_failure,,,,,,,,,,,,,,,,,,,,,,,,,,,per_segment,59,0.022880791999341454
E9,uci_heart_failure,,,,,,,,,,,,,,,,,,,,,,,,,,,per_segment,60,0.02548374999605585
E9,uci_heart_failure,,,,,,,,,,,,,,,,,,,,,,,,,,,per_segment,61,0.019203542004106566
E9,uci_heart_failure,,,,,,,,,,,,,,,,,,,,,,,,,,,per_segment,62,0.02572225000039907
E9,uci_heart_failure,,,,,,,,,,,,,,,,,,,,,,,,,,,per_segment,63,0.031393541998113506
E9,uci_heart_failure,,,,,,,,,,,,,,,,,,,,,,,,,,,per_segment,64,0.02985679200355662
E9,uci_heart_failure,,,,,,,,,,,,,,,,,,,,,,,,,,,per_segment,65,0.020035084002302028
E9,uci_heart_failure,,,,,,,,,,,,,,,,,,,,,,,,,,,per_segment,66,0.02767495900479844
E9,uci_heart_failure,,,,,,,,,,,,,,,,,,,,,,,,,,,per_segment,67,0.022848416003398597
E9,uci_heart_failure,,,,,,,,,,,,,,,,,,,,,,,,,,,per_segment,68,0.025804333003179636
E9,uci_heart_failure,,,,,,,,,,,,,,,,,,,,,,,,,,,per_segment,69,0.02812620899931062
E9,uci_heart_failure,,,,,,,,,,,,,,,,,,,,,,,,,,,per_segment,70,0.021772957996290643
E9,uci_heart_failure,,,,,,,,,,,,,,,,,,,,,,,,,,,per_segment,71,0.023813540996343363
E9,uci_heart_failure,,,,,,,,,,,,,,,,,,,,,,,,,,,per_segment,72,0.030262957996455953
E9,uci_heart_failure,,,,,,,,,,,,,,,,,,,,,,,,,,,per_segment,73,0.02538516700587934
E9,uci_heart_failure,,,,,,,,,,,,,,,,,,,,,,,,,,,per_segment,74,0.028014457995595876
E9,uci_heart_failure,,,,,,,,,,,,,,,,,,,,,,,,,,,per_segment,75,0.023062416003085673
E9,uci_heart_failure,,,,,,,,,,,,,,,,,,,,,,,,,,,per_segment,76,0.02967595899826847
E9,uci_heart_failure,,,,,,,,,,,,,,,,,,,,,,,,,,,per_segment,77,0.023664625005039852
E9,uci_heart_failure,,,,,,,,,,,,,,,,,,,,,,,,,,,per_segment,78,0.025148084001557436
E9,uci_heart_failure,,,,,,,,,,,,,,,,,,,,,,,,,,,per_segment,79,0.022236166005313862
E9,uci_heart_failure,,,,,,,,,,,,,,,,,,,,,,,,,,,per_segment,80,0.024624332996609155
E9,uci_heart_failure,,,,,,,,,,,,,,,,,,,,,,,,,,,per_segment,81,0.024832709001202602
E9,uci_heart_failure,,,,,,,,,,,,,,,,,,,,,,,,,,,per_segment,82,0.014406999995117076
E9,uci_heart_failure,,,,,,,,,,,,,,,,,,,,,,,,,,,per_segment,83,0.024221166997449473
E9,uci_heart_failure,,,,,,,,,,,,,,,,,,,,,,,,,,,per_segment,84,0.01715820800018264
E9,uci_heart_failure,,,,,,,,,,,,,,,,,,,,,,,,,,,per_segment,85,0.020288667001295835
E9,uci_heart_failure,,,,,,,,,,,,,,,,,,,,,,,,,,,per_segment,86,0.02025516600406263
E9,uci_heart_failure,,,,,,,,,,,,,,,,,,,,,,,,,,,per_segment,87,0.019831540994346142
E9,uci_heart_failure,,,,,,,,,,,,,,,,,,,,,,,,,,,per_segment,88,0.024475834004988428
E9,uci_heart_failure,,,,,,,,,,,,,,,,,,,,,,,,,,,per_segment,89,0.017333541996777058
E9,uci_heart_failure,,,,,,,,,,,,,,,,,,,,,,,,,,,per_segment,90,0.023538333000033163
E9,uci_heart_failure,,,,,,,,,,,,,,,,,,,,,,,,,,,per_segment,91,0.022284915998170618
E9,uci_heart_failure,,,,,,,,,,,,,,,,,,,,,,,,,,,per_segment,92,0.02011254199896939
E9,uci_heart_failure,,,,,,,,,,,,,,,,,,,,,,,,,,,per_segment,93,0.02477366699895356
E9,uci_heart_failure,,,,,,,,,,,,,,,,,,,,,,,,,,,per_segment,94,0.020685957999376114
E9,uci_heart_failure,,,,,,,,,,,,,,,,,,,,,,,,,,,per_segment,95,0.019911208000849
E9,uci_heart_failure,,,,,,,,,,,,,,,,,,,,,,,,,,,per_segment,96,0.023236583998368587
E9,uci_heart_failure,,,,,,,,,,,,,,,,,,,,,,,,,,,per_segment,97,0.014448624999204185
E9,uci_heart_failure,,,,,,,,,,,,,,,,,,,,,,,,,,,per_segment,98,0.020570624998072162
E9,uci_heart_failure,,,,,,,,,,,,,,,,,,,,,,,,,,,per_segment,99,0.027513624998391606
E9,uci_heart_failure,,,,,,,,,,,,,,,,,,,,,,,,,,,per_segment,100,0.021148125000763685
E9,uci_heart_failure,,,,,,,,,,,,,,,,,,,,,,,,,,,per_segment,101,0.021746541999164037
E9,uci_heart_failure,,,,,,,,,,,,,,,,,,,,,,,,,,,per_segment,102,0.019442791999608744
E9,uci_heart_failure,,,,,,,,,,,,,,,,,,,,,,,,,,,per_segment,103,0.02222862499911571
E9,uci_heart_failure,,,,,,,,,,,,,,,,,,,,,,,,,,,per_segment,104,0.023832541999581736
E9,uci_heart_failure,,,,,,,,,,,,,,,,,,,,,,,,,,,per_segment,105,0.01867441700596828
E9,uci_heart_failure,,,,,,,,,,,,,,,,,,,,,,,,,,,per_segment,106,0.02864887499890756
E9,uci_heart_failure,,,,,,,,,,,,,,,,,,,,,,,,,,,per_segment,107,0.019887624999682885
E9,uci_heart_failure,,,,,,,,,,,,,,,,,,,,,,,,,,,per_segment,108,0.019402208003157284
E9,uci_heart_failure,,,,,,,,,,,,,,,,,,,,,,,,,,,per_segment,109,0.021704750004573725
E9,uci_heart_failure,,,,,,,,,,,,,,,,,,,,,,,,,,,per_segment,110,0.019757624999328982
E9,uci_heart_failure,,,,,,,,,,,,,,,,,,,,,,,,,,,per_segment,111,0.01904320799803827
E9,uci_heart_failure,,,,,,,,,,,,,,,,,,,,,,,,,,,per_segment,112,0.019501916998706292
E9,uci_heart_failure,,,,,,,,,,,,,,,,,,,,,,,,,,,per_segment,113,0.017981208002311178
E9,uci_heart_failure,,,,,,,,,,,,,,,,,,,,,,,,,,,per_segment,114,0.01818979100062279
E9,uci_heart_failure,,,,,,,,,,,,,,,,,,,,,,,,,,,per_segment,115,0.021780415998364333
E9,uci_heart_failure,,,,,,,,,,,,,,,,,,,,,,,,,,,per_segment,116,0.018843333004042506
E9,uci_heart_failure,,,,,,,,,,,,,,,,,,,,,,,,,,,per_segment,117,0.023196041998744477
E9,uci_heart_failure,,,,,,,,,,,,,,,,,,,,,,,,,,,per_segment,118,0.024775750003755093
E9,uci_heart_failure,,,,,,,,,,,,,,,,,,,,,,,,,,,per_segment,119,0.02905258399550803
E9,uci_heart_failure,,,,,,,,,,,,,,,,,,,,,,,,,,,per_segment,120,0.020093750004889444
E9,uci_heart_failure,,,,,,,,,,,,,,,,,,,,,,,,,,,per_segment,121,0.018652291997568682
E9,uci_heart_failure,,,,,,,,,,,,,,,,,,,,,,,,,,,per_segment,122,0.018914249994850252
E9,uci_heart_failure,,,,,,,,,,,,,,,,,,,,,,,,,,,per_segment,123,0.019285959002445452
E9,uci_heart_failure,,,,,,,,,,,,,,,,,,,,,,,,,,,per_segment,124,0.01891612499457551
E9,uci_heart_failure,,,,,,,,,,,,,,,,,,,,,,,,,,,per_segment,125,0.019778957997914404
E9,uci_heart_failure,,,,,,,,,,,,,,,,,,,,,,,,,,,per_segment,126,0.018761250001261942
E9,uci_heart_failure,,,,,,,,,,,,,,,,,,,,,,,,,,,per_segment,127,0.018040041002677754
E9,uci_heart_failure,,,,,,,,,,,,,,,,,,,,,,,,,,,per_segment,128,0.01791850000154227
E9,uci_heart_failure,,,,,,,,,,,,,,,,,,,,,,,,,,,per_segment,129,0.02065920900349738
E9,uci_heart_failure,,,,,,,,,,,,,,,,,,,,,,,,,,,per_segment,130,0.015359707998868544
E9,uci_heart_failure,,,,,,,,,,,,,,,,,,,,,,,,,,,per_segment,131,0.018851041997550055
E9,uci_heart_failure,,,,,,,,,,,,,,,,,,,,,,,,,,,per_segment,132,0.02680250000412343
E9,uci_heart_failure,,,,,,,,,,,,,,,,,,,,,,,,,,,per_segment,133,0.01913724999758415
E9,uci_heart_failure,,,,,,,,,,,,,,,,,,,,,,,,,,,per_segment,134,0.018826166000508238
E9,uci_heart_failure,,,,,,,,,,,,,,,,,,,,,,,,,,,per_segment,135,0.01908983400062425
E9,uci_heart_failure,,,,,,,,,,,,,,,,,,,,,,,,,,,per_segment,136,0.020201790997816715
E9,uci_heart_failure,,,,,,,,,,,,,,,,,,,,,,,,,,,per_segment,137,0.018602541997097433
E9,uci_heart_failure,,,,,,,,,,,,,,,,,,,,,,,,,,,per_segment,138,0.0190547499951208
E9,uci_heart_failure,,,,,,,,,,,,,,,,,,,,,,,,,,,per_segment,139,0.02082962499844143
E9,uci_heart_failure,,,,,,,,,,,,,,,,,,,,,,,,,,,per_segment,140,0.019977208001364488
E9,uci_heart_failure,,,,,,,,,,,,,,,,,,,,,,,,,,,per_segment,141,0.018818292002833914
E9,uci_heart_failure,,,,,,,,,,,,,,,,,,,,,,,,,,,per_segment,142,0.019130708002194297
E9,uci_heart_failure,,,,,,,,,,,,,,,,,,,,,,,,,,,per_segment,143,0.018871290994866285
E9,uci_heart_failure,,,,,,,,,,,,,,,,,,,,,,,,,,,per_segment,144,0.02263508299802197
E9,uci_heart_failure,,,,,,,,,,,,,,,,,,,,,,,,,,,per_segment,145,0.018068541001412086
E9,uci_heart_failure,,,,,,,,,,,,,,,,,,,,,,,,,,,per_segment,146,0.018000415999267716
E9,uci_heart_failure,,,,,,,,,,,,,,,,,,,,,,,,,,,per_segment,147,0.019816500003798865
E9,uci_heart_failure,,,,,,,,,,,,,,,,,,,,,,,,,,,per_segment,148,0.018179582999437116
E9,uci_heart_failure,,,,,,,,,,,,,,,,,,,,,,,,,,,per_segment,149,0.01796791700326139
E9,uci_heart_failure,,,,,,,,,,,,,,,,,,,,,,,,,,,per_segment,150,0.017753915999492165
E9,uci_heart_failure,,,,,,,,,,,,,,,,,,,,,,,,,,,per_segment,151,0.01606829099910101
E9,uci_heart_failure,,,,,,,,,,,,,,,,,,,,,,,,,,,per_segment,152,0.014472041999397334
E9,uci_heart_failure,,,,,,,,,,,,,,,,,,,,,,,,,,,per_segment,153,0.011827165995782707
E9,uci_heart_failure,,,,,,,,,,,,,,,,,,,,,,,,,,,per_segment,154,0.011830625000584405
E9,uci_heart_failure,,,,,,,,,,,,,,,,,,,,,,,,,,,per_segment,155,0.012035708001349121
E9,uci_heart_failure,,,,,,,,,,,,,,,,,,,,,,,,,,,per_segment,156,0.011435332999099046
E9,uci_heart_failure,,,,,,,,,,,,,,,,,,,,,,,,,,,per_segment,157,0.013412125001195818
E9,uci_heart_failure,,,,,,,,,,,,,,,,,,,,,,,,,,,per_segment,158,0.017920666999998502
E9,uci_heart_failure,,,,,,,,,,,,,,,,,,,,,,,,,,,per_segment,159,0.016195417003473267
E9,uci_heart_failure,,,,,,,,,,,,,,,,,,,,,,,,,,,per_segment,160,0.0186044160000165
E9,uci_heart_failure,,,,,,,,,,,,,,,,,,,,,,,,,,,per_segment,161,0.017370957997627556
E9,uci_heart_failure,,,,,,,,,,,,,,,,,,,,,,,,,,,per_segment,162,0.015439333001268096
E9,uci_heart_failure,,,,,,,,,,,,,,,,,,,,,,,,,,,per_segment,163,0.013473209000949282
E9,uci_heart_failure,,,,,,,,,,,,,,,,,,,,,,,,,,,per_segment,164,0.013445707998471335
E9,uci_heart_failure,,,,,,,,,,,,,,,,,,,,,,,,,,,per_segment,165,0.012030833000608254
E9,uci_heart_failure,,,,,,,,,,,,,,,,,,,,,,,,,,,per_segment,166,0.01335895899683237
E9,uci_heart_failure,,,,,,,,,,,,,,,,,,,,,,,,,,,per_segment,167,0.011373917004675604
E9,uci_heart_failure,,,,,,,,,,,,,,,,,,,,,,,,,,,per_segment,168,0.014254292000259738
E9,uci_heart_failure,,,,,,,,,,,,,,,,,,,,,,,,,,,per_segment,169,0.012110959003621247
E9,uci_heart_failure,,,,,,,,,,,,,,,,,,,,,,,,,,,per_segment,170,0.012451875001715962
E9,uci_heart_failure,,,,,,,,,,,,,,,,,,,,,,,,,,,per_segment,171,0.0114371250019758
E9,uci_heart_failure,,,,,,,,,,,,,,,,,,,,,,,,,,,per_segment,172,0.015026541994302534
E9,uci_heart_failure,,,,,,,,,,,,,,,,,,,,,,,,,,,per_segment,173,0.013219499996921513
E9,uci_heart_failure,,,,,,,,,,,,,,,,,,,,,,,,,,,per_segment,174,0.013526290997106116
E9,uci_heart_failure,,,,,,,,,,,,,,,,,,,,,,,,,,,per_segment,175,0.013289957998495083
E9,uci_heart_failure,,,,,,,,,,,,,,,,,,,,,,,,,,,per_segment,176,0.013440708004054613
E9,uci_heart_failure,,,,,,,,,,,,,,,,,,,,,,,,,,,per_segment,177,0.012173666997114196
E9,uci_heart_failure,,,,,,,,,,,,,,,,,,,,,,,,,,,per_segment,178,0.016850209001859184
E9,uci_heart_failure,,,,,,,,,,,,,,,,,,,,,,,,,,,per_segment,179,0.012228416999278124
E9,uci_heart_failure,,,,,,,,,,,,,,,,,,,,,,,,,,,per_segment,180,0.011201499997696374
E9,uci_heart_failure,,,,,,,,,,,,,,,,,,,,,,,,,,,per_segment,181,0.011457667002105154
E9,uci_heart_failure,,,,,,,,,,,,,,,,,,,,,,,,,,,per_segment,182,0.013889624999137595
E9,uci_heart_failure,,,,,,,,,,,,,,,,,,,,,,,,,,,per_segment,183,0.012041707996104378
E9,uci_heart_failure,,,,,,,,,,,,,,,,,,,,,,,,,,,per_segment,184,0.016098334002890624
E9,uci_heart_failure,,,,,,,,,,,,,,,,,,,,,,,,,,,per_segment,185,0.013369125001190696
E9,uci_heart_failure,,,,,,,,,,,,,,,,,,,,,,,,,,,per_segment,186,0.01383216700196499
E9,uci_heart_failure,,,,,,,,,,,,,,,,,,,,,,,,,,,per_segment,187,0.018727082999248523
E9,uci_heart_failure,,,,,,,,,,,,,,,,,,,,,,,,,,,per_segment,188,0.014646791001723614
E9,uci_heart_failure,,,,,,,,,,,,,,,,,,,,,,,,,,,per_segment,189,0.013016709002840798
E9,uci_heart_failure,,,,,,,,,,,,,,,,,,,,,,,,,,,per_segment,190,0.011355832997651305
E9,uci_heart_failure,,,,,,,,,,,,,,,,,,,,,,,,,,,per_segment,191,0.014061792004213203
E9,uci_heart_failure,,,,,,,,,,,,,,,,,,,,,,,,,,,per_segment,192,0.011272415998973884
E9,uci_heart_failure,,,,,,,,,,,,,,,,,,,,,,,,,,,per_segment,193,0.011355000002367888
E9,uci_heart_failure,,,,,,,,,,,,,,,,,,,,,,,,,,,per_segment,194,0.01581224999972619
E9,uci_heart_failure,,,,,,,,,,,,,,,,,,,,,,,,,,,per_segment,195,0.011607000000367407
E9,uci_heart_failure,,,,,,,,,,,,,,,,,,,,,,,,,,,per_segment,196,0.01114833300380269
E9,uci_heart_failure,,,,,,,,,,,,,,,,,,,,,,,,,,,per_segment,197,0.011561166000319645
E9,uci_heart_failure,,,,,,,,,,,,,,,,,,,,,,,,,,,per_segment,198,0.0114014579958166
E9,uci_heart_failure,,,,,,,,,,,,,,,,,,,,,,,,,,,per_segment,199,0.01238145899696974
E9,uci_heart_failure,,,,,,,,,,,,,,,,,,,,,,,,,,,per_segment,200,0.01126920800015796
E9,uci_heart_failure,,,,,,,,,,,,,,,,,,,,,,,,,,,per_segment,201,0.011441500006185379
E9,uci_heart_failure,,,,,,,,,,,,,,,,,,,,,,,,,,,per_segment,202,0.014808416999585461
E9,uci_heart_failure,,,,,,,,,,,,,,,,,,,,,,,,,,,per_segment,203,0.0151162080001086
E9,uci_heart_failure,,,,,,,,,,,,,,,,,,,,,,,,,,,per_segment,204,0.01427841700206045
E9,uci_heart_failure,,,,,,,,,,,,,,,,,,,,,,,,,,,per_segment,205,0.012361708999378607
E9,uci_heart_failure,,,,,,,,,,,,,,,,,,,,,,,,,,,per_segment,206,0.011856541997985914
E9,uci_heart_failure,,,,,,,,,,,,,,,,,,,,,,,,,,,per_segment,207,0.011745708005037159
E9,uci_heart_failure,,,,,,,,,,,,,,,,,,,,,,,,,,,per_segment,208,0.011717750006937422
E9,uci_heart_failure,,,,,,,,,,,,,,,,,,,,,,,,,,,per_segment,209,0.014452499999606516
E9,uci_heart_failure,,,,,,,,,,,,,,,,,,,,,,,,,,,per_segment,210,0.012492540998209734
E9,uci_heart_failure,,,,,,,,,,,,,,,,,,,,,,,,,,,per_segment,211,0.01154162499733502
E9,uci_heart_failure,,,,,,,,,,,,,,,,,,,,,,,,,,,per_segment,212,0.013307416993484367
E9,uci_heart_failure,,,,,,,,,,,,,,,,,,,,,,,,,,,per_segment,213,0.01327833400137024
E9,uci_heart_failure,,,,,,,,,,,,,,,,,,,,,,,,,,,per_segment,214,0.013115624999045394
E9,uci_heart_failure,,,,,,,,,,,,,,,,,,,,,,,,,,,per_segment,215,0.011938625000766478
E9,uci_heart_failure,,,,,,,,,,,,,,,,,,,,,,,,,,,per_segment,216,0.011399041999538895
E9,uci_heart_failure,,,,,,,,,,,,,,,,,,,,,,,,,,,per_segment,217,0.014754374999029096
E9,uci_heart_failure,,,,,,,,,,,,,,,,,,,,,,,,,,,per_segment,218,0.011743916998966597
E9,uci_heart_failure,,,,,,,,,,,,,,,,,,,,,,,,,,,per_segment,219,0.011572832998353988
E9,uci_heart_failure,,,,,,,,,,,,,,,,,,,,,,,,,,,per_segment,220,0.011460375004389789
E9,uci_heart_failure,,,,,,,,,,,,,,,,,,,,,,,,,,,per_segment,221,0.016447125002741814
E9,uci_heart_failure,,,,,,,,,,,,,,,,,,,,,,,,,,,per_segment,222,0.01820025000051828
E9,uci_heart_failure,,,,,,,,,,,,,,,,,,,,,,,,,,,per_segment,223,0.021478041999216657
E9,uci_heart_failure,,,,,,,,,,,,,,,,,,,,,,,,,,,per_segment,224,0.01603649999742629
E9,uci_heart_failure,,,,,,,,,,,,,,,,,,,,,,,,,,,per_segment,225,0.01883195900154533
E9,uci_heart_failure,,,,,,,,,,,,,,,,,,,,,,,,,,,per_segment,226,0.014664708003692795
E9,uci_heart_failure,,,,,,,,,,,,,,,,,,,,,,,,,,,per_segment,227,0.013518749998183921
E9,uci_heart_failure,,,,,,,,,,,,,,,,,,,,,,,,,,,per_segment,228,0.011890583002241328
E9,uci_heart_failure,,,,,,,,,,,,,,,,,,,,,,,,,,,per_segment,229,0.01579608400061261
E9,uci_heart_failure,,,,,,,,,,,,,,,,,,,,,,,,,,,per_segment,230,0.01542762499593664
E9,uci_heart_failure,,,,,,,,,,,,,,,,,,,,,,,,,,,per_segment,231,0.01448554199305363
E9,uci_heart_failure,,,,,,,,,,,,,,,,,,,,,,,,,,,per_segment,232,0.015541666994977277
E9,uci_heart_failure,,,,,,,,,,,,,,,,,,,,,,,,,,,per_segment,233,0.02588974999525817
E9,uci_heart_failure,,,,,,,,,,,,,,,,,,,,,,,,,,,per_segment,234,0.019364207997568883
E9,uci_heart_failure,,,,,,,,,,,,,,,,,,,,,,,,,,,per_segment,235,0.01852270800009137
E9,uci_heart_failure,,,,,,,,,,,,,,,,,,,,,,,,,,,per_segment,236,0.020785833003174048
E9,uci_heart_failure,,,,,,,,,,,,,,,,,,,,,,,,,,,per_segment,237,0.018306375000975095
E9,uci_heart_failure,,,,,,,,,,,,,,,,,,,,,,,,,,,per_segment,238,0.01806741700420389
E9,uci_heart_failure,,,,,,,,,,,,,,,,,,,,,,,,,,,per_segment,239,0.018059916998026893
E9,uci_heart_failure,,,,,,,,,,,,,,,,,,,,,,,,,,,per_segment,240,0.017457249996368773
E9,uci_heart_failure,,,,,,,,,,,,,,,,,,,,,,,,,,,per_segment,241,0.015503499998885673
E9,uci_heart_failure,,,,,,,,,,,,,,,,,,,,,,,,,,,per_segment,242,0.012657457999011967
E9,uci_heart_failure,,,,,,,,,,,,,,,,,,,,,,,,,,,per_segment,243,0.012435208998795133
E9,uci_heart_failure,,,,,,,,,,,,,,,,,,,,,,,,,,,per_segment,244,0.013522417000785936
E9,uci_heart_failure,,,,,,,,,,,,,,,,,,,,,,,,,,,per_segment,245,0.011332041001878679
E9,uci_heart_failure,,,,,,,,,,,,,,,,,,,,,,,,,,,per_segment,246,0.011932125002203975
E9,uci_heart_failure,,,,,,,,,,,,,,,,,,,,,,,,,,,per_segment,247,0.012407708003593143
E9,uci_heart_failure,,,,,,,,,,,,,,,,,,,,,,,,,,,per_segment,248,0.011104458004410844
E9,uci_heart_failure,,,,,,,,,,,,,,,,,,,,,,,,,,,per_segment,249,0.013336084004549775
E9,uci_heart_failure,,,,,,,,,,,,,,,,,,,,,,,,,,,per_segment,250,0.0122298749993206
E9,uci_heart_failure,,,,,,,,,,,,,,,,,,,,,,,,,,,per_segment,251,0.011288291003438644
E9,uci_heart_failure,,,,,,,,,,,,,,,,,,,,,,,,,,,per_segment,252,0.011443417002737988
E9,uci_heart_failure,,,,,,,,,,,,,,,,,,,,,,,,,,,per_segment,253,0.01254720900033135
E9,uci_heart_failure,,,,,,,,,,,,,,,,,,,,,,,,,,,per_segment,254,0.012428000001818873
E9,uci_heart_failure,,,,,,,,,,,,,,,,,,,,,,,,,,,per_segment,255,0.011358415998984128
E9,uci_heart_failure,,,,,,,,,,,,,,,,,,,,,,,,,,,per_segment,256,0.011906250001629815
E9,uci_heart_failure,,,,,,,,,,,,,,,,,,,,,,,,,,,per_segment,257,0.011345999999321066
E9,uci_heart_failure,,,,,,,,,,,,,,,,,,,,,,,,,,,per_segment,258,0.011775124999985565
E9,uci_heart_failure,,,,,,,,,,,,,,,,,,,,,,,,,,,per_segment,259,0.011944500001845881
E9,uci_heart_failure,,,,,,,,,,,,,,,,,,,,,,,,,,,per_segment,260,0.011479707995022181
E9,uci_heart_failure,,,,,,,,,,,,,,,,,,,,,,,,,,,per_segment,261,0.02002337500016438
E9,uci_heart_failure,,,,,,,,,,,,,,,,,,,,,,,,,,,per_segment,262,0.029044208000414073
E9,uci_heart_failure,,,,,,,,,,,,,,,,,,,,,,,,,,,per_segment,263,0.03392220900423126
E9,uci_heart_failure,,,,,,,,,,,,,,,,,,,,,,,,,,,per_segment,264,0.018254250004247297
E9,uci_heart_failure,,,,,,,,,,,,,,,,,,,,,,,,,,,per_segment,265,0.016384875001676846
E9,uci_heart_failure,,,,,,,,,,,,,,,,,,,,,,,,,,,per_segment,266,0.01843666599597782
E9,uci_heart_failure,,,,,,,,,,,,,,,,,,,,,,,,,,,per_segment,267,0.018047249999654014
E9,uci_heart_failure,,,,,,,,,,,,,,,,,,,,,,,,,,,per_segment,268,0.01804445800371468
E9,uci_heart_failure,,,,,,,,,,,,,,,,,,,,,,,,,,,per_segment,269,0.020561999997880775
E9,uci_heart_failure,,,,,,,,,,,,,,,,,,,,,,,,,,,per_segment,270,0.015115249996597413
E9,uci_heart_failure,,,,,,,,,,,,,,,,,,,,,,,,,,,per_segment,271,0.017910583002958447
E9,uci_heart_failure,,,,,,,,,,,,,,,,,,,,,,,,,,,per_segment,272,0.018984959002409596
E9,uci_heart_failure,,,,,,,,,,,,,,,,,,,,,,,,,,,per_segment,273,0.020698791995528154
E9,uci_heart_failure,,,,,,,,,,,,,,,,,,,,,,,,,,,per_segment,274,0.015289625000150409
E9,uci_heart_failure,,,,,,,,,,,,,,,,,,,,,,,,,,,per_segment,275,0.015949457992974203
E9,uci_heart_failure,,,,,,,,,,,,,,,,,,,,,,,,,,,per_segment,276,0.014158417005091906
E9,uci_heart_failure,,,,,,,,,,,,,,,,,,,,,,,,,,,per_segment,277,0.012126917004934512
E9,uci_heart_failure,,,,,,,,,,,,,,,,,,,,,,,,,,,per_segment,278,0.011477166000986472
E9,uci_heart_failure,,,,,,,,,,,,,,,,,,,,,,,,,,,per_segment,279,0.025862875001621433
E9,uci_heart_failure,,,,,,,,,,,,,,,,,,,,,,,,,,,per_segment,280,0.02102920800098218
E9,uci_heart_failure,,,,,,,,,,,,,,,,,,,,,,,,,,,per_segment,281,0.017726957994455006
E9,uci_heart_failure,,,,,,,,,,,,,,,,,,,,,,,,,,,per_segment,282,0.020177915997919627
E9,uci_heart_failure,,,,,,,,,,,,,,,,,,,,,,,,,,,per_segment,283,0.017962707999686245
E9,uci_heart_failure,,,,,,,,,,,,,,,,,,,,,,,,,,,per_segment,284,0.020709958000225015
E9,uci_heart_failure,,,,,,,,,,,,,,,,,,,,,,,,,,,per_segment,285,0.018259917000250425
E9,uci_heart_failure,,,,,,,,,,,,,,,,,,,,,,,,,,,per_segment,286,0.017839708001702093
E9,uci_heart_failure,,,,,,,,,,,,,,,,,,,,,,,,,,,per_segment,287,0.018092332997184712
E9,uci_heart_failure,,,,,,,,,,,,,,,,,,,,,,,,,,,per_segment,288,0.020868083003733773
E9,uci_heart_failure,,,,,,,,,,,,,,,,,,,,,,,,,,,per_segment,289,0.01903679200040642
E9,uci_heart_failure,,,,,,,,,,,,,,,,,,,,,,,,,,,per_segment,290,0.01604008299909765
E9,uci_heart_failure,,,,,,,,,,,,,,,,,,,,,,,,,,,per_segment,291,0.014267208003730047
E9,uci_heart_failure,,,,,,,,,,,,,,,,,,,,,,,,,,,per_segment,292,0.014129875002254266
E9,uci_heart_failure,,,,,,,,,,,,,,,,,,,,,,,,,,,per_segment,293,0.012144624997745268
E9,uci_heart_failure,,,,,,,,,,,,,,,,,,,,,,,,,,,per_segment,294,0.011671000000205822
E9,uci_heart_failure,,,,,,,,,,,,,,,,,,,,,,,,,,,per_segment,295,0.011803958994278219
E9,uci_heart_failure,,,,,,,,,,,,,,,,,,,,,,,,,,,per_segment,296,0.012974583005416207
E9,uci_heart_failure,,,,,,,,,,,,,,,,,,,,,,,,,,,per_segment,297,0.014827375001914334
E9,uci_heart_failure,,,,,,,,,,,,,,,,,,,,,,,,,,,per_segment,298,0.012260416995559353
E9,hf_remote_monitoring,records_1,1,,50.0,50.21584704382527,50.21584704382527,0.013343928649919689,61.86081694402421,80,5288,327120,1.5931225839958643,80,80,longitudinal_low_rate,False,10,78,5,,,,"system_compatibility_generalization_only — not clinical validation, epidemiology, or predictive-model evaluation",single-host_local,kubo,pbc,,,
E9,hf_remote_monitoring,,,,,,,,,,,,,,,,,,,,,,,,,,,per_segment,0,0.011971040999924298
E9,hf_remote_monitoring,,,,,,,,,,,,,,,,,,,,,,,,,,,per_segment,1,0.012321374997554813
E9,hf_remote_monitoring,,,,,,,,,,,,,,,,,,,,,,,,,,,per_segment,2,0.01182116600102745
E9,hf_remote_monitoring,,,,,,,,,,,,,,,,,,,,,,,,,,,per_segment,3,0.013597542005300056
E9,hf_remote_monitoring,,,,,,,,,,,,,,,,,,,,,,,,,,,per_segment,4,0.012785957995220087
E9,hf_remote_monitoring,,,,,,,,,,,,,,,,,,,,,,,,,,,per_segment,5,0.015560833999188617
E9,hf_remote_monitoring,,,,,,,,,,,,,,,,,,,,,,,,,,,per_segment,6,0.014674416997877415
E9,hf_remote_monitoring,,,,,,,,,,,,,,,,,,,,,,,,,,,per_segment,7,0.015454334003152326
E9,hf_remote_monitoring,,,,,,,,,,,,,,,,,,,,,,,,,,,per_segment,8,0.011994124994089361
E9,hf_remote_monitoring,,,,,,,,,,,,,,,,,,,,,,,,,,,per_segment,9,0.012075709004420787
E9,hf_remote_monitoring,,,,,,,,,,,,,,,,,,,,,,,,,,,per_segment,10,0.011589582994929515
E9,hf_remote_monitoring,,,,,,,,,,,,,,,,,,,,,,,,,,,per_segment,11,0.011792124998464715
E9,hf_remote_monitoring,,,,,,,,,,,,,,,,,,,,,,,,,,,per_segment,12,0.012599333000252955
E9,hf_remote_monitoring,,,,,,,,,,,,,,,,,,,,,,,,,,,per_segment,13,0.011550583003554493
E9,hf_remote_monitoring,,,,,,,,,,,,,,,,,,,,,,,,,,,per_segment,14,0.0167813340012799
E9,hf_remote_monitoring,,,,,,,,,,,,,,,,,,,,,,,,,,,per_segment,15,0.014081000001169741
E9,hf_remote_monitoring,,,,,,,,,,,,,,,,,,,,,,,,,,,per_segment,16,0.014335791005578358
E9,hf_remote_monitoring,,,,,,,,,,,,,,,,,,,,,,,,,,,per_segment,17,0.017711500004224945
E9,hf_remote_monitoring,,,,,,,,,,,,,,,,,,,,,,,,,,,per_segment,18,0.019367291999515146
E9,hf_remote_monitoring,,,,,,,,,,,,,,,,,,,,,,,,,,,per_segment,19,0.018022833995928522
E9,hf_remote_monitoring,,,,,,,,,,,,,,,,,,,,,,,,,,,per_segment,20,0.015556042002572212
E9,hf_remote_monitoring,,,,,,,,,,,,,,,,,,,,,,,,,,,per_segment,21,0.016087709002022166
E9,hf_remote_monitoring,,,,,,,,,,,,,,,,,,,,,,,,,,,per_segment,22,0.016503040998941287
E9,hf_remote_monitoring,,,,,,,,,,,,,,,,,,,,,,,,,,,per_segment,23,0.014202125006704591
E9,hf_remote_monitoring,,,,,,,,,,,,,,,,,,,,,,,,,,,per_segment,24,0.012955292004335206
E9,hf_remote_monitoring,,,,,,,,,,,,,,,,,,,,,,,,,,,per_segment,25,0.012141416002123151
E9,hf_remote_monitoring,,,,,,,,,,,,,,,,,,,,,,,,,,,per_segment,26,0.011823250002635177
E9,hf_remote_monitoring,,,,,,,,,,,,,,,,,,,,,,,,,,,per_segment,27,0.014625957999669481
E9,hf_remote_monitoring,,,,,,,,,,,,,,,,,,,,,,,,,,,per_segment,28,0.014535000002069864
E9,hf_remote_monitoring,,,,,,,,,,,,,,,,,,,,,,,,,,,per_segment,29,0.012010582999209873
E9,hf_remote_monitoring,,,,,,,,,,,,,,,,,,,,,,,,,,,per_segment,30,0.01174554099998204
E9,hf_remote_monitoring,,,,,,,,,,,,,,,,,,,,,,,,,,,per_segment,31,0.011722916999133304
E9,hf_remote_monitoring,,,,,,,,,,,,,,,,,,,,,,,,,,,per_segment,32,0.013573708994954359
E9,hf_remote_monitoring,,,,,,,,,,,,,,,,,,,,,,,,,,,per_segment,33,0.011877958000695799
E9,hf_remote_monitoring,,,,,,,,,,,,,,,,,,,,,,,,,,,per_segment,34,0.011940624994167592
E9,hf_remote_monitoring,,,,,,,,,,,,,,,,,,,,,,,,,,,per_segment,35,0.012008959005470388
E9,hf_remote_monitoring,,,,,,,,,,,,,,,,,,,,,,,,,,,per_segment,36,0.011929041997063905
E9,hf_remote_monitoring,,,,,,,,,,,,,,,,,,,,,,,,,,,per_segment,37,0.011504583002533764
E9,hf_remote_monitoring,,,,,,,,,,,,,,,,,,,,,,,,,,,per_segment,38,0.011615583003731444
E9,hf_remote_monitoring,,,,,,,,,,,,,,,,,,,,,,,,,,,per_segment,39,0.011702666997734923
E9,hf_remote_monitoring,,,,,,,,,,,,,,,,,,,,,,,,,,,per_segment,40,0.011948832994676195
E9,hf_remote_monitoring,,,,,,,,,,,,,,,,,,,,,,,,,,,per_segment,41,0.011941500000830274
E9,hf_remote_monitoring,,,,,,,,,,,,,,,,,,,,,,,,,,,per_segment,42,0.015895917000307236
E9,hf_remote_monitoring,,,,,,,,,,,,,,,,,,,,,,,,,,,per_segment,43,0.014737042001797818
E9,hf_remote_monitoring,,,,,,,,,,,,,,,,,,,,,,,,,,,per_segment,44,0.011675916997774038
E9,hf_remote_monitoring,,,,,,,,,,,,,,,,,,,,,,,,,,,per_segment,45,0.011411624996981118
E9,hf_remote_monitoring,,,,,,,,,,,,,,,,,,,,,,,,,,,per_segment,46,0.011970666993875057
E9,hf_remote_monitoring,,,,,,,,,,,,,,,,,,,,,,,,,,,per_segment,47,0.015263166998920497
E9,hf_remote_monitoring,,,,,,,,,,,,,,,,,,,,,,,,,,,per_segment,48,0.017816457999288104
E9,hf_remote_monitoring,,,,,,,,,,,,,,,,,,,,,,,,,,,per_segment,49,0.016389249998610467
E9,hf_remote_monitoring,,,,,,,,,,,,,,,,,,,,,,,,,,,per_segment,50,0.01565166700311238
E9,hf_remote_monitoring,,,,,,,,,,,,,,,,,,,,,,,,,,,per_segment,51,0.013127083002473228
E9,hf_remote_monitoring,,,,,,,,,,,,,,,,,,,,,,,,,,,per_segment,52,0.011669374995108228
E9,hf_remote_monitoring,,,,,,,,,,,,,,,,,,,,,,,,,,,per_segment,53,0.012295250002352986
E9,hf_remote_monitoring,,,,,,,,,,,,,,,,,,,,,,,,,,,per_segment,54,0.011755792002077214
E9,hf_remote_monitoring,,,,,,,,,,,,,,,,,,,,,,,,,,,per_segment,55,0.011920917000679765
E9,hf_remote_monitoring,,,,,,,,,,,,,,,,,,,,,,,,,,,per_segment,56,0.011815915997431148
E9,hf_remote_monitoring,,,,,,,,,,,,,,,,,,,,,,,,,,,per_segment,57,0.011985957993601914
E9,hf_remote_monitoring,,,,,,,,,,,,,,,,,,,,,,,,,,,per_segment,58,0.011912459005543496
E9,hf_remote_monitoring,,,,,,,,,,,,,,,,,,,,,,,,,,,per_segment,59,0.011839334001706447
E9,hf_remote_monitoring,,,,,,,,,,,,,,,,,,,,,,,,,,,per_segment,60,0.012977708000107668
E9,hf_remote_monitoring,,,,,,,,,,,,,,,,,,,,,,,,,,,per_segment,61,0.01379550000274321
E9,hf_remote_monitoring,,,,,,,,,,,,,,,,,,,,,,,,,,,per_segment,62,0.016781750004156493
E9,hf_remote_monitoring,,,,,,,,,,,,,,,,,,,,,,,,,,,per_segment,63,0.011866000000736676
E9,hf_remote_monitoring,,,,,,,,,,,,,,,,,,,,,,,,,,,per_segment,64,0.0116350419993978
E9,hf_remote_monitoring,,,,,,,,,,,,,,,,,,,,,,,,,,,per_segment,65,0.010977624995575752
E9,hf_remote_monitoring,,,,,,,,,,,,,,,,,,,,,,,,,,,per_segment,66,0.011716374996467493
E9,hf_remote_monitoring,,,,,,,,,,,,,,,,,,,,,,,,,,,per_segment,67,0.011635249997198116
E9,hf_remote_monitoring,,,,,,,,,,,,,,,,,,,,,,,,,,,per_segment,68,0.011977166002907325
E9,hf_remote_monitoring,,,,,,,,,,,,,,,,,,,,,,,,,,,per_segment,69,0.01210291600000346
E9,hf_remote_monitoring,,,,,,,,,,,,,,,,,,,,,,,,,,,per_segment,70,0.01857183299580356
E9,hf_remote_monitoring,,,,,,,,,,,,,,,,,,,,,,,,,,,per_segment,71,0.013750291996984743
E9,hf_remote_monitoring,,,,,,,,,,,,,,,,,,,,,,,,,,,per_segment,72,0.011917208001250401
E9,hf_remote_monitoring,,,,,,,,,,,,,,,,,,,,,,,,,,,per_segment,73,0.012110290997952688
E9,hf_remote_monitoring,,,,,,,,,,,,,,,,,,,,,,,,,,,per_segment,74,0.011922584002604708
E9,hf_remote_monitoring,,,,,,,,,,,,,,,,,,,,,,,,,,,per_segment,75,0.014436917001148686
E9,hf_remote_monitoring,,,,,,,,,,,,,,,,,,,,,,,,,,,per_segment,76,0.01459591699676821
E9,hf_remote_monitoring,,,,,,,,,,,,,,,,,,,,,,,,,,,per_segment,77,0.011907915999472607
E9,hf_remote_monitoring,,,,,,,,,,,,,,,,,,,,,,,,,,,per_segment,78,0.016637207998428494
E9,hf_remote_monitoring,,,,,,,,,,,,,,,,,,,,,,,,,,,per_segment,79,0.013024790998315439
E9,hm3_synthetic,records_1,1,,50.0,46.99166229914781,46.99166229914781,0.01700327192511395,51.78407471901219,80,6317,327120,1.7024296670060721,80,80,lvad_synthetic,True,,,10,,,,"system_compatibility_generalization_only — not clinical validation, epidemiology, or predictive-model evaluation",single-host_local,kubo,pbc,,,
E9,hm3_synthetic,,,,,,,,,,,,,,,,,,,,,,,,,,,per_segment,0,0.012713459000224248
E9,hm3_synthetic,,,,,,,,,,,,,,,,,,,,,,,,,,,per_segment,1,0.011661165997793432
E9,hm3_synthetic,,,,,,,,,,,,,,,,,,,,,,,,,,,per_segment,2,0.011365958998794667
E9,hm3_synthetic,,,,,,,,,,,,,,,,,,,,,,,,,,,per_segment,3,0.011764957998821046
E9,hm3_synthetic,,,,,,,,,,,,,,,,,,,,,,,,,,,per_segment,4,0.01429587500024354
E9,hm3_synthetic,,,,,,,,,,,,,,,,,,,,,,,,,,,per_segment,5,0.014145084001938812
E9,hm3_synthetic,,,,,,,,,,,,,,,,,,,,,,,,,,,per_segment,6,0.014384832997166086
E9,hm3_synthetic,,,,,,,,,,,,,,,,,,,,,,,,,,,per_segment,7,0.015179292000539135
E9,hm3_synthetic,,,,,,,,,,,,,,,,,,,,,,,,,,,per_segment,8,0.011490459000924602
E9,hm3_synthetic,,,,,,,,,,,,,,,,,,,,,,,,,,,per_segment,9,0.011727459001122043
E9,hm3_synthetic,,,,,,,,,,,,,,,,,,,,,,,,,,,per_segment,10,0.01211091699951794
E9,hm3_synthetic,,,,,,,,,,,,,,,,,,,,,,,,,,,per_segment,11,0.011820374995295424
E9,hm3_synthetic,,,,,,,,,,,,,,,,,,,,,,,,,,,per_segment,12,0.015081584002473392
E9,hm3_synthetic,,,,,,,,,,,,,,,,,,,,,,,,,,,per_segment,13,0.023543417002656497
E9,hm3_synthetic,,,,,,,,,,,,,,,,,,,,,,,,,,,per_segment,14,0.018551542001659982
E9,hm3_synthetic,,,,,,,,,,,,,,,,,,,,,,,,,,,per_segment,15,0.019760707997193094
E9,hm3_synthetic,,,,,,,,,,,,,,,,,,,,,,,,,,,per_segment,16,0.01840470799652394
E9,hm3_synthetic,,,,,,,,,,,,,,,,,,,,,,,,,,,per_segment,17,0.019044041000597645
E9,hm3_synthetic,,,,,,,,,,,,,,,,,,,,,,,,,,,per_segment,18,0.019681958001456223
E9,hm3_synthetic,,,,,,,,,,,,,,,,,,,,,,,,,,,per_segment,19,0.01971037500334205
E9,hm3_synthetic,,,,,,,,,,,,,,,,,,,,,,,,,,,per_segment,20,0.01944299999740906
E9,hm3_synthetic,,,,,,,,,,,,,,,,,,,,,,,,,,,per_segment,21,0.01775012500002049
E9,hm3_synthetic,,,,,,,,,,,,,,,,,,,,,,,,,,,per_segment,22,0.01629441700060852
E9,hm3_synthetic,,,,,,,,,,,,,,,,,,,,,,,,,,,per_segment,23,0.014845875004539266
E9,hm3_synthetic,,,,,,,,,,,,,,,,,,,,,,,,,,,per_segment,24,0.017413958004908636
E9,hm3_synthetic,,,,,,,,,,,,,,,,,,,,,,,,,,,per_segment,25,0.013549958996009082
E9,hm3_synthetic,,,,,,,,,,,,,,,,,,,,,,,,,,,per_segment,26,0.012954417004948482
E9,hm3_synthetic,,,,,,,,,,,,,,,,,,,,,,,,,,,per_segment,27,0.01488616600545356
E9,hm3_synthetic,,,,,,,,,,,,,,,,,,,,,,,,,,,per_segment,28,0.018996209000761155
E9,hm3_synthetic,,,,,,,,,,,,,,,,,,,,,,,,,,,per_segment,29,0.018515333998948336
E9,hm3_synthetic,,,,,,,,,,,,,,,,,,,,,,,,,,,per_segment,30,0.016681958004483022
E9,hm3_synthetic,,,,,,,,,,,,,,,,,,,,,,,,,,,per_segment,31,0.014328999997815117
E9,hm3_synthetic,,,,,,,,,,,,,,,,,,,,,,,,,,,per_segment,32,0.01479799999651732
E9,hm3_synthetic,,,,,,,,,,,,,,,,,,,,,,,,,,,per_segment,33,0.01243520800198894
E9,hm3_synthetic,,,,,,,,,,,,,,,,,,,,,,,,,,,per_segment,34,0.011410375002014916
E9,hm3_synthetic,,,,,,,,,,,,,,,,,,,,,,,,,,,per_segment,35,0.013227916999312583
E9,hm3_synthetic,,,,,,,,,,,,,,,,,,,,,,,,,,,per_segment,36,0.014006583995069377
E9,hm3_synthetic,,,,,,,,,,,,,,,,,,,,,,,,,,,per_segment,37,0.015391791996080428
E9,hm3_synthetic,,,,,,,,,,,,,,,,,,,,,,,,,,,per_segment,38,0.013580708000517916
E9,hm3_synthetic,,,,,,,,,,,,,,,,,,,,,,,,,,,per_segment,39,0.012238708004588261
E9,hm3_synthetic,,,,,,,,,,,,,,,,,,,,,,,,,,,per_segment,40,0.01325758299935842
E9,hm3_synthetic,,,,,,,,,,,,,,,,,,,,,,,,,,,per_segment,41,0.015100542004802264
E9,hm3_synthetic,,,,,,,,,,,,,,,,,,,,,,,,,,,per_segment,42,0.012631083998712711
E9,hm3_synthetic,,,,,,,,,,,,,,,,,,,,,,,,,,,per_segment,43,0.011765916999138426
E9,hm3_synthetic,,,,,,,,,,,,,,,,,,,,,,,,,,,per_segment,44,0.013445582997519523
E9,hm3_synthetic,,,,,,,,,,,,,,,,,,,,,,,,,,,per_segment,45,0.015005000001110602
E9,hm3_synthetic,,,,,,,,,,,,,,,,,,,,,,,,,,,per_segment,46,0.011649666994344443
E9,hm3_synthetic,,,,,,,,,,,,,,,,,,,,,,,,,,,per_segment,47,0.011633667003479786
E9,hm3_synthetic,,,,,,,,,,,,,,,,,,,,,,,,,,,per_segment,48,0.011418416994274594
E9,hm3_synthetic,,,,,,,,,,,,,,,,,,,,,,,,,,,per_segment,49,0.01634924999962095
E9,hm3_synthetic,,,,,,,,,,,,,,,,,,,,,,,,,,,per_segment,50,0.013208207994466648
E9,hm3_synthetic,,,,,,,,,,,,,,,,,,,,,,,,,,,per_segment,51,0.017540250002639368
E9,hm3_synthetic,,,,,,,,,,,,,,,,,,,,,,,,,,,per_segment,52,0.01641866700083483
E9,hm3_synthetic,,,,,,,,,,,,,,,,,,,,,,,,,,,per_segment,53,0.014884374999382999
E9,hm3_synthetic,,,,,,,,,,,,,,,,,,,,,,,,,,,per_segment,54,0.018154209006752353
E9,hm3_synthetic,,,,,,,,,,,,,,,,,,,,,,,,,,,per_segment,55,0.023315834005188663
E9,hm3_synthetic,,,,,,,,,,,,,,,,,,,,,,,,,,,per_segment,56,0.01522270799614489
E9,hm3_synthetic,,,,,,,,,,,,,,,,,,,,,,,,,,,per_segment,57,0.021552499994868413
E9,hm3_synthetic,,,,,,,,,,,,,,,,,,,,,,,,,,,per_segment,58,0.020637166999222245
E9,hm3_synthetic,,,,,,,,,,,,,,,,,,,,,,,,,,,per_segment,59,0.021054542005003896
E9,hm3_synthetic,,,,,,,,,,,,,,,,,,,,,,,,,,,per_segment,60,0.017975458002183586
E9,hm3_synthetic,,,,,,,,,,,,,,,,,,,,,,,,,,,per_segment,61,0.016624707997834776
E9,hm3_synthetic,,,,,,,,,,,,,,,,,,,,,,,,,,,per_segment,62,0.01650066699949093
E9,hm3_synthetic,,,,,,,,,,,,,,,,,,,,,,,,,,,per_segment,63,0.017343166000500787
E9,hm3_synthetic,,,,,,,,,,,,,,,,,,,,,,,,,,,per_segment,64,0.013276541001687292
E9,hm3_synthetic,,,,,,,,,,,,,,,,,,,,,,,,,,,per_segment,65,0.013603917002910748
E9,hm3_synthetic,,,,,,,,,,,,,,,,,,,,,,,,,,,per_segment,66,0.01183395800035214
E9,hm3_synthetic,,,,,,,,,,,,,,,,,,,,,,,,,,,per_segment,67,0.017418082999938633
E9,hm3_synthetic,,,,,,,,,,,,,,,,,,,,,,,,,,,per_segment,68,0.012418292004440445
E9,hm3_synthetic,,,,,,,,,,,,,,,,,,,,,,,,,,,per_segment,69,0.014065915995161049
E9,hm3_synthetic,,,,,,,,,,,,,,,,,,,,,,,,,,,per_segment,70,0.012396541998896282
E9,hm3_synthetic,,,,,,,,,,,,,,,,,,,,,,,,,,,per_segment,71,0.011667874998238403
E9,hm3_synthetic,,,,,,,,,,,,,,,,,,,,,,,,,,,per_segment,72,0.13927141700696666
E9,hm3_synthetic,,,,,,,,,,,,,,,,,,,,,,,,,,,per_segment,73,0.017426291000447236
E9,hm3_synthetic,,,,,,,,,,,,,,,,,,,,,,,,,,,per_segment,74,0.018491916001948994
E9,hm3_synthetic,,,,,,,,,,,,,,,,,,,,,,,,,,,per_segment,75,0.01682637500198325
E9,hm3_synthetic,,,,,,,,,,,,,,,,,,,,,,,,,,,per_segment,76,0.020702374997199513
E9,hm3_synthetic,,,,,,,,,,,,,,,,,,,,,,,,,,,per_segment,77,0.017520082998089492
E9,hm3_synthetic,,,,,,,,,,,,,,,,,,,,,,,,,,,per_segment,78,0.013581166997028049
E9,hm3_synthetic,,,,,,,,,,,,,,,,,,,,,,,,,,,per_segment,79,0.017883957996673416
E9,vitaldb,records_1,1,,50.0,50.232409945606406,50.232409945606406,0.016479247437291632,274.890756302521,80,1190,327120,1.5925972910044948,80,80,high_rate_physio,False,,,8000,,,,"system_compatibility_generalization_only — not clinical validation, epidemiology, or predictive-model evaluation",single-host_local,kubo,pbc,,,
E9,vitaldb,,,,,,,,,,,,,,,,,,,,,,,,,,,per_segment,0,0.011368500003300142
E9,vitaldb,,,,,,,,,,,,,,,,,,,,,,,,,,,per_segment,1,0.023896207996585872
E9,vitaldb,,,,,,,,,,,,,,,,,,,,,,,,,,,per_segment,2,0.016160540995770134
E9,vitaldb,,,,,,,,,,,,,,,,,,,,,,,,,,,per_segment,3,0.017928916997334454
E9,vitaldb,,,,,,,,,,,,,,,,,,,,,,,,,,,per_segment,4,0.02161645799787948
E9,vitaldb,,,,,,,,,,,,,,,,,,,,,,,,,,,per_segment,5,0.015261541004292667
E9,vitaldb,,,,,,,,,,,,,,,,,,,,,,,,,,,per_segment,6,0.017314458003966138
E9,vitaldb,,,,,,,,,,,,,,,,,,,,,,,,,,,per_segment,7,0.02031604199873982
E9,vitaldb,,,,,,,,,,,,,,,,,,,,,,,,,,,per_segment,8,0.02193483400333207
E9,vitaldb,,,,,,,,,,,,,,,,,,,,,,,,,,,per_segment,9,0.020806458000151906
E9,vitaldb,,,,,,,,,,,,,,,,,,,,,,,,,,,per_segment,10,0.01824420800403459
E9,vitaldb,,,,,,,,,,,,,,,,,,,,,,,,,,,per_segment,11,0.017958290998649318
E9,vitaldb,,,,,,,,,,,,,,,,,,,,,,,,,,,per_segment,12,0.017089207998651545
E9,vitaldb,,,,,,,,,,,,,,,,,,,,,,,,,,,per_segment,13,0.01540658399608219
E9,vitaldb,,,,,,,,,,,,,,,,,,,,,,,,,,,per_segment,14,0.014740874998096842
E9,vitaldb,,,,,,,,,,,,,,,,,,,,,,,,,,,per_segment,15,0.015035749995149672
E9,vitaldb,,,,,,,,,,,,,,,,,,,,,,,,,,,per_segment,16,0.018055041997286025
E9,vitaldb,,,,,,,,,,,,,,,,,,,,,,,,,,,per_segment,17,0.015716916997916996
E9,vitaldb,,,,,,,,,,,,,,,,,,,,,,,,,,,per_segment,18,0.018071999998937827
E9,vitaldb,,,,,,,,,,,,,,,,,,,,,,,,,,,per_segment,19,0.015987167003913783
E9,vitaldb,,,,,,,,,,,,,,,,,,,,,,,,,,,per_segment,20,0.015343999999458902
E9,vitaldb,,,,,,,,,,,,,,,,,,,,,,,,,,,per_segment,21,0.0183474590012338
E9,vitaldb,,,,,,,,,,,,,,,,,,,,,,,,,,,per_segment,22,0.014561249998223502
E9,vitaldb,,,,,,,,,,,,,,,,,,,,,,,,,,,per_segment,23,0.014337499997054692
E9,vitaldb,,,,,,,,,,,,,,,,,,,,,,,,,,,per_segment,24,0.012232791996211745
E9,vitaldb,,,,,,,,,,,,,,,,,,,,,,,,,,,per_segment,25,0.01230224999744678
E9,vitaldb,,,,,,,,,,,,,,,,,,,,,,,,,,,per_segment,26,0.01128604100085795
E9,vitaldb,,,,,,,,,,,,,,,,,,,,,,,,,,,per_segment,27,0.014921333000529557
E9,vitaldb,,,,,,,,,,,,,,,,,,,,,,,,,,,per_segment,28,0.011168624994752463
E9,vitaldb,,,,,,,,,,,,,,,,,,,,,,,,,,,per_segment,29,0.012027750002744142
E9,vitaldb,,,,,,,,,,,,,,,,,,,,,,,,,,,per_segment,30,0.014081166998948902
E9,vitaldb,,,,,,,,,,,,,,,,,,,,,,,,,,,per_segment,31,0.01726487500127405
E9,vitaldb,,,,,,,,,,,,,,,,,,,,,,,,,,,per_segment,32,0.014078499996685423
E9,vitaldb,,,,,,,,,,,,,,,,,,,,,,,,,,,per_segment,33,0.01426629199704621
E9,vitaldb,,,,,,,,,,,,,,,,,,,,,,,,,,,per_segment,34,0.01418345799902454
E9,vitaldb,,,,,,,,,,,,,,,,,,,,,,,,,,,per_segment,35,0.013613874994916841
E9,vitaldb,,,,,,,,,,,,,,,,,,,,,,,,,,,per_segment,36,0.013344667000637855
E9,vitaldb,,,,,,,,,,,,,,,,,,,,,,,,,,,per_segment,37,0.018572417000541463
E9,vitaldb,,,,,,,,,,,,,,,,,,,,,,,,,,,per_segment,38,0.017198790999827906
E9,vitaldb,,,,,,,,,,,,,,,,,,,,,,,,,,,per_segment,39,0.017721625001286156
E9,vitaldb,,,,,,,,,,,,,,,,,,,,,,,,,,,per_segment,40,0.013630583001940977
E9,vitaldb,,,,,,,,,,,,,,,,,,,,,,,,,,,per_segment,41,0.017001000000163913
E9,vitaldb,,,,,,,,,,,,,,,,,,,,,,,,,,,per_segment,42,0.012512125002103858
E9,vitaldb,,,,,,,,,,,,,,,,,,,,,,,,,,,per_segment,43,0.013822542001435068
E9,vitaldb,,,,,,,,,,,,,,,,,,,,,,,,,,,per_segment,44,0.011299584002699703
E9,vitaldb,,,,,,,,,,,,,,,,,,,,,,,,,,,per_segment,45,0.012171040994871873
E9,vitaldb,,,,,,,,,,,,,,,,,,,,,,,,,,,per_segment,46,0.012345957999059465
E9,vitaldb,,,,,,,,,,,,,,,,,,,,,,,,,,,per_segment,47,0.014481666999927256
E9,vitaldb,,,,,,,,,,,,,,,,,,,,,,,,,,,per_segment,48,0.011399250004615169
E9,vitaldb,,,,,,,,,,,,,,,,,,,,,,,,,,,per_segment,49,0.012528500003099907
E9,vitaldb,,,,,,,,,,,,,,,,,,,,,,,,,,,per_segment,50,0.011837041995022446
E9,vitaldb,,,,,,,,,,,,,,,,,,,,,,,,,,,per_segment,51,0.011266749999776948
E9,vitaldb,,,,,,,,,,,,,,,,,,,,,,,,,,,per_segment,52,0.02069254200614523
E9,vitaldb,,,,,,,,,,,,,,,,,,,,,,,,,,,per_segment,53,0.02367166700423695
E9,vitaldb,,,,,,,,,,,,,,,,,,,,,,,,,,,per_segment,54,0.01913875000172993
E9,vitaldb,,,,,,,,,,,,,,,,,,,,,,,,,,,per_segment,55,0.018698332998610567
E9,vitaldb,,,,,,,,,,,,,,,,,,,,,,,,,,,per_segment,56,0.021652374998666346
E9,vitaldb,,,,,,,,,,,,,,,,,,,,,,,,,,,per_segment,57,0.01741679199767532
E9,vitaldb,,,,,,,,,,,,,,,,,,,,,,,,,,,per_segment,58,0.021156374998099636
E9,vitaldb,,,,,,,,,,,,,,,,,,,,,,,,,,,per_segment,59,0.019929875001253095
E9,vitaldb,,,,,,,,,,,,,,,,,,,,,,,,,,,per_segment,60,0.019607791997259483
E9,vitaldb,,,,,,,,,,,,,,,,,,,,,,,,,,,per_segment,61,0.021094667004945222
E9,vitaldb,,,,,,,,,,,,,,,,,,,,,,,,,,,per_segment,62,0.020584208999935072
E9,vitaldb,,,,,,,,,,,,,,,,,,,,,,,,,,,per_segment,63,0.016342750001058448
E9,vitaldb,,,,,,,,,,,,,,,,,,,,,,,,,,,per_segment,64,0.01947354200092377
E9,vitaldb,,,,,,,,,,,,,,,,,,,,,,,,,,,per_segment,65,0.01723262499581324
E9,vitaldb,,,,,,,,,,,,,,,,,,,,,,,,,,,per_segment,66,0.019821917005174328
E9,vitaldb,,,,,,,,,,,,,,,,,,,,,,,,,,,per_segment,67,0.024352250002266373
E9,vitaldb,,,,,,,,,,,,,,,,,,,,,,,,,,,per_segment,68,0.019274874997790903
E9,vitaldb,,,,,,,,,,,,,,,,,,,,,,,,,,,per_segment,69,0.019587499999033753
E9,vitaldb,,,,,,,,,,,,,,,,,,,,,,,,,,,per_segment,70,0.020664540999860037
E9,vitaldb,,,,,,,,,,,,,,,,,,,,,,,,,,,per_segment,71,0.017278084000281524
E9,vitaldb,,,,,,,,,,,,,,,,,,,,,,,,,,,per_segment,72,0.017993875000684056
E9,vitaldb,,,,,,,,,,,,,,,,,,,,,,,,,,,per_segment,73,0.017115708003984764
E9,vitaldb,,,,,,,,,,,,,,,,,,,,,,,,,,,per_segment,74,0.016334374995494727
E9,vitaldb,,,,,,,,,,,,,,,,,,,,,,,,,,,per_segment,75,0.016885416996956337
E9,vitaldb,,,,,,,,,,,,,,,,,,,,,,,,,,,per_segment,76,0.015793417005625088
E9,vitaldb,,,,,,,,,,,,,,,,,,,,,,,,,,,per_segment,77,0.013684291996469256
E9,vitaldb,,,,,,,,,,,,,,,,,,,,,,,,,,,per_segment,78,0.012940125001478009
E9,vitaldb,,,,,,,,,,,,,,,,,,,,,,,,,,,per_segment,79,0.011860416998388246
