n,panel,source_field,x,y_mean,y_p95
30,gateway_partial_s,gateway_partial_s,5.0,1.1162318998685805,1.2947909999638796
30,gateway_partial_s,gateway_partial_s,10.0,1.1253957334702136,1.3073750014882535
30,gateway_partial_s,gateway_partial_s,20.0,1.1147610333864577,1.267625000764383
30,gateway_partial_s,gateway_partial_s,40.0,1.190351400146028,1.2147910019848496
30,gateway_partial_s,gateway_partial_s,80.0,1.152040233500884,1.317916001426056
30,gateway_partial_s,gateway_partial_s,160.0,1.1162069331476232,1.1926670013053808
30,outsourced_dec_s,outsourced_dec_s,5.0,2.1945848001147774,2.3661669983994216
30,outsourced_dec_s,outsourced_dec_s,10.0,3.754319500148995,3.92199999987497
30,outsourced_dec_s,outsourced_dec_s,20.0,6.841384666889401,7.0577079968643375
30,outsourced_dec_s,outsourced_dec_s,40.0,13.14467926689152,13.52499999848078
30,outsourced_dec_s,outsourced_dec_s,80.0,25.76321809986742,28.743291997670894
30,outsourced_dec_s,outsourced_dec_s,160.0,49.62863333360777,50.30395799985854
30,outsourced_enc_s,outsourced_enc_s,5.0,3.5311013661460797,3.661499998997897
30,outsourced_enc_s,outsourced_enc_s,10.0,5.913995800195456,6.079834001866402
30,outsourced_enc_s,outsourced_enc_s,20.0,10.676737533382644,10.93083300293074
30,outsourced_enc_s,outsourced_enc_s,40.0,20.248499933465308,21.219375001237495
30,outsourced_enc_s,outsourced_enc_s,80.0,39.44091663349051,44.182417001138674
30,outsourced_enc_s,outsourced_enc_s,160.0,76.68621383345453,77.31195800079149
30,user_final_dec_s,user_final_dec_s,5.0,0.30799989945080597,0.33616599830565974
30,user_final_dec_s,user_final_dec_s,10.0,0.3107168003528689,0.3505419990688097
30,user_final_dec_s,user_final_dec_s,20.0,0.3174624995153863,0.396707997424528
30,user_final_dec_s,user_final_dec_s,40.0,0.3131362000810138,0.324333999742521
30,user_final_dec_s,user_final_dec_s,80.0,0.31985420027922373,0.39024999932735227
30,user_final_dec_s,user_final_dec_s,160.0,0.3117028335206366,0.34450000021024607
